party,high,low,mid
dem,44017.285927014505,4635.197506103159,24326.241716558063
