dem_gain,dem_gain_low,dem_gain_high
24326.241716558063,4635.197506103159,44017.285927014505
