term,estimate,std.error,statistic,p.value,conf.low,conf.high,outcome
treatment_assignmentTreatment,0.0012768182860957867,0.00472211344496146,0.2703912773332805,0.7868666445941405,-0.006491320798238065,0.009044957370429634,dem_margin
treatment_assignmentTreatment,0.0010962965438878443,0.0017706687817437023,0.6191426398833575,0.5358410862692382,-0.00181655202046623,0.004009145108241917,pct_dem_all
treatment_assignmentTreatment,2.4519676881643157e-4,0.0019420707732277994,0.12625532096799166,0.8995331855348341,-0.0029496175984983844,0.0034400111361312454,pct_rep_all
treatment_assignmentTreatment,4.8672990296082214e-4,2.9034998498060047e-4,1.6763558744228717,0.09370993032128037,9.088039258846315e-6,9.643717666627977e-4,pct_other_all
treatment_assignmentTreatment,0.0018282232156651736,0.002201098916572531,0.8305956637841677,0.4062283631142528,-0.0017927068449110233,0.005449153276241368,turnout
